{
    "identityPoolName": "platformfec5a48545_identitypool_c5a48545",
    "allowUnauthenticatedIdentities": false,
    "lambdaLogPolicy": "platfo_c5a48545_lambda_log_policy",
    "openIdLambdaRoleName": "platfo_c5a48545_openid_lambda_role",
    "openIdRolePolicy": "platfo_c5a48545_openid_pass_role_policy",
    "openIdLambdaIAMPolicy": "platfo_c5a48545_openid_lambda_iam_policy",
    "openIdLogPolicy": "platfo_c5a48545_openid_lambda_log_policy",
    "userPoolName": "platformfec5a48545_userpool_c5a48545",
    "autoVerifiedAttributes": [
        "email"
    ],
    "mfaConfiguration": "OFF",
    "mfaTypes": [
        "SMS Text Message"
    ],
    "roleName": "platfoc5a48545_sns-role",
    "roleExternalId": "platfoc5a48545_role_external_id",
    "policyName": "platfoc5a48545-sns-policy",
    "smsAuthenticationMessage": "Your authentication code is {####}",
    "smsVerificationMessage": "Your verification code is {####}",
    "emailVerificationSubject": "Your verification code",
    "emailVerificationMessage": "Your verification code is {####}",
    "defaultPasswordPolicy": false,
    "passwordPolicyMinLength": 8,
    "passwordPolicyCharacters": [],
    "requiredAttributes": [
        "email",
        "name"
    ],
    "userpoolClientName": "platfoc5a48545_app_client",
    "userpoolClientGenerateSecret": true,
    "userpoolClientRefreshTokenValidity": 30,
    "userpoolClientWriteAttributes": [
        "email"
    ],
    "userpoolClientReadAttributes": [
        "email"
    ],
    "mfaLambdaRole": "platfoc5a48545_totp_lambda_role",
    "mfaLambdaLogPolicy": "platfoc5a48545_totp_lambda_log_policy",
    "mfaPassRolePolicy": "platfoc5a48545_totp_pass_role_policy",
    "mfaLambdaIAMPolicy": "platfoc5a48545_totp_lambda_iam_policy",
    "userpoolClientLambdaRole": "platfoc5a48545_userpoolclient_lambda_role",
    "userpoolClientLogPolicy": "platfoc5a48545_userpoolclient_lambda_log_policy",
    "userpoolClientLambdaPolicy": "platfoc5a48545_userpoolclient_lambda_iam_policy",
    "userpoolClientSetAttributes": false,
    "resourceName": "platformfec5a48545",
    "authSelections": "identityPoolAndUserPool",
    "authRoleName": {
        "Ref": "AuthRoleName"
    },
    "unauthRoleName": {
        "Ref": "UnauthRoleName"
    },
    "authRoleArn": {
        "Fn::GetAtt": [
            "AuthRole",
            "Arn"
        ]
    },
    "unauthRoleArn": {
        "Fn::GetAtt": [
            "UnauthRole",
            "Arn"
        ]
    },
    "useDefault": "default",
    "usernameAttributes": [
        "email"
    ]
}